url_path,views_total,views_unique
/benfulcher/hctsa,205,147
/benfulcher/hctsa/issues,7,6
/benfulcher/hctsa/tree/main/TimeSeries,6,6
/benfulcher/hctsa/tree/main/Calculation,6,4
/benfulcher/hctsa/tree/main/Operations,6,4
/benfulcher/hctsa/tree/main/Toolboxes/Tisean_3.0.1/source_c,6,1
/benfulcher/hctsa/tree/c50568f53133ba7cdc77b5ed2bedb36bbe93ef28,5,5
/benfulcher/hctsa/tree/main/FeatureSets,5,4
/benfulcher/hctsa/blob/main/Operations/SB_MotifTwo.m,4,1
/benfulcher/hctsa/tree/bae5c5e8347e45c2731c271b60334fd73d562b81/Toolboxes/OpenTSTOOL,4,1
